<?xml version="1.0" encoding="UTF-8"?>
<catalog description="query2">
	<catalog description="type1">
		<video id="av20693337">
			<title>【 专升本计算机】智博邵老师主讲 寒假冲刺班讲解视频 02</title>
			<author>隔壁薯片不半价</author>
			<duration>01:43:53</duration>
			<size>1366 x 768</size>
			<updateTime>2018-03-13 08:19:00</updateTime>
		</video>
		<video id="av20523785">
			<title>【我的三体】罗辑传 第11集（完结）</title>
			<author>神游八方</author>
			<duration>00:18:28</duration>
			<size>1280 x 720</size>
			<updateTime>2018-03-09 12:00:00</updateTime>
		</video>
		<video id="av19883957">
			<title>【大司马真皮合集】#2 二十分钟看一个月的瓜皮与骚话，素材来自马老师8月中至9月</title>
			<author>暗中观察的小老板</author>
			<duration>00:21:12</duration>
			<size>1920 x 1080</size>
			<updateTime>2018-02-22 04:36:00</updateTime>
		</video>
	</catalog>
	<catalog description="type2">
		<video id="av20711004">
			<title>变个身，想吃啥就吃啥</title>
			<author>扭转生活</author>
			<duration>00:00:15</duration>
			<size>1920 x 1080</size>
			<uploadTime>2018-03-13 08:27:13</uploadTime>
		</video>
		<video id="av20324562">
			<title>【Johnny瞳X鹿幽幽】❤小木乃伊到我家ed❤【原创改编舞】</title>
			<author>Johnny瞳</author>
			<duration>00:03:22</duration>
			<size>1920 x 1080</size>
			<uploadTime>2018-03-03 19:22:29</uploadTime>
		</video>
		<video id="av20679278">
			<title>【Jin小菌】盘点罗志祥黄子韬韩庚易烊千玺的选人策略</title>
			<author>Jin小菌</author>
			<duration>00:04:33</duration>
			<size>1920 x 1080</size>
			<uploadTime>2018-03-12 18:00:00</uploadTime>
		</video>
	</catalog>
	<catalog description="type3">
		<video id="av19038345">
			<title>【丞相司徒】三国恋</title>
			<author>惜缘、过去</author>
			<duration>00:04:00</duration>
			<size>1280 x 720</size>
			<updateTime>2018-02-02 18:00:00</updateTime>
		</video>
		<video id="av14275641">
			<title>【全明星】Gee-鬼畜时代</title>
			<author>惜缘、过去</author>
			<duration>00:03:54</duration>
			<size>1280 x 720</size>
			<updateTime>2017-09-08 16:41:47</updateTime>
		</video>
		<video id="av20551812">
			<title>【奥巴马】我们不一样 </title>
			<author>城之悠二</author>
			<duration>00:04:27</duration>
			<size>1280 x 720</size>
			<updateTime>2018-03-09 16:52:42</updateTime>
		</video>
	</catalog>
</catalog>