<?xml version="1.0" encoding="UTF-8"?>
<catalog description="mix">
	<video id="av19061120">
		<title>【萌新剧场3】2017最NB的动画电影</title>
		<author>萌新二次方</author>
		<duration>00:12:53</duration>
		<size>1920 x 1080</size>
		<updateTime>2018-02-03 01:09:00</updateTime>
	</video>
	<video id="av19883957">
		<title>【大司马真皮合集】#2 二十分钟看一个月的瓜皮与骚话，素材来自马老师8月中至9月</title>
		<author>暗中观察的小老板</author>
		<duration>00:21:12</duration>
		<size>1920 x 1080</size>
		<updateTime>2018-02-22 04:36:00</updateTime>
	</video>
	<video id="av20325067">
		<title>【京紫】快餐时代的奇葩之作？</title>
		<author>萌新二次方</author>
		<duration>00:11:42</duration>
		<size>1920 x 1080</size>
		<updateTime>2018-03-03 22:54:00</updateTime>
	</video>
	<video id="av20523785">
		<title>【我的三体】罗辑传 第11集（完结）</title>
		<author>神游八方</author>
		<duration>00:18:28</duration>
		<size>1280 x 720</size>
		<updateTime>2018-03-09 12:00:00</updateTime>
	</video>
	<video id="av20693337">
		<title>【 专升本计算机】智博邵老师主讲 寒假冲刺班讲解视频 02</title>
		<author>隔壁薯片不半价</author>
		<duration>01:43:53</duration>
		<size>1366 x 768</size>
		<updateTime>2018-03-13 08:19:00</updateTime>
	</video>
	<video id="av20324562">
		<title>【Johnny瞳X鹿幽幽】❤小木乃伊到我家ed❤【原创改编舞】</title>
		<author>Johnny瞳</author>
		<duration>00:03:22</duration>
		<size>1920 x 1080</size>
		<uploadTime>2018-03-03 19:22:29</uploadTime>
	</video>
	<video id="av20679278">
		<title>【Jin小菌】盘点罗志祥黄子韬韩庚易烊千玺的选人策略</title>
		<author>Jin小菌</author>
		<duration>00:04:33</duration>
		<size>1920 x 1080</size>
		<uploadTime>2018-03-12 18:00:00</uploadTime>
	</video>
	<video id="av20711004">
		<title>变个身，想吃啥就吃啥</title>
		<author>扭转生活</author>
		<duration>00:00:15</duration>
		<size>1920 x 1080</size>
		<uploadTime>2018-03-13 08:27:13</uploadTime>
	</video>
	<video id="av21064968">
		<title>【juju美瞳】99买到的lensme银河粉 拆箱试戴 原价198</title>
		<author>jujujuju大魔王</author>
		<duration>00:05:22</duration>
		<size>640 x 360</size>
		<uploadTime>2018-03-22 03：43：49</uploadTime>
	</video>
	<video id="av8211512">
		<title>【妆师】五分钟练出迷人马甲线国内健身达人推荐</title>
		<author>妆师</author>
		<duration>00:05:19</duration>
		<size>640 x 358</size>
		<uploadTime>2017-01-25 15:05:31</uploadTime>
	</video>
</catalog>