<?xml version="1.0" encoding="UTF-8"?>
<catalog description="主页">
    <catalog description="时尚">
        <catalog description="美妆">
            <video id="av21064968" src="https://www.bilibili.com/video/av21064968/">
                <title>【juju美瞳】99买到的lensme银河粉 拆箱试戴 原价198</title>
                <author>jujujuju大魔王</author>
                <abstract>
                    <briefing>做活动99买的银河粉 现在很多度数都没有了
                        BGM是脸红的思春期的 x song
                        喜欢美瞳的宝宝可以加我的vx：only2ju</briefing>
                    <keyword>美妆</keyword>
                    <keyword>种草</keyword>
                    <keyword>测评</keyword>
                </abstract>
                <size>
                    <width>640</width>
                    <height>360</height>
                </size>
                <duration>322</duration>
                <uploadTime>2018-03-22 03：43：49</uploadTime>
            </video>
        </catalog>
        <catalog description="健身">
            <video id="av8211512" src="https://www.bilibili.com/video/av8211512/">
                <title>【妆师】五分钟练出迷人马甲线国内健身达人推荐</title>
                <author>妆师</author>
                <abstract>
                    <briefing>http://weibo.com/PiaoQ 更多图文的健身教程更新在微博@妆师</briefing>
                    <keyword>美女</keyword>
                    <keyword>瑜伽</keyword>
                    <keyword>健身操</keyword>
                </abstract>
                <size>
                    <width>640</width>
                    <height>358</height>
                </size>
                <duration>319</duration>
                <uploadTime>2017-01-25 15:05:31</uploadTime>
            </video>
        </catalog>
    </catalog>
    <catalog description="生活">
        <catalog description="搞笑">
            <video id="av20711004" src="https://www.bilibili.com/video/av20711004/">
                <title>变个身，想吃啥就吃啥</title>
                <author>扭转生活</author>
                <abstract>
                    <briefing>别变身了，我喂你吃吧！</briefing>
                    <keyword>搞笑视频</keyword>
                    <keyword>性感</keyword>
                    <keyword>搞笑</keyword>
                    <keyword>美女</keyword>
                    <keyword>恶搞</keyword>
                </abstract>
                <size>
                    <width>1920</width>
                    <height>1080</height>
                </size>
                <duration>15</duration>
                <uploadTime>2018-03-13 08:27:13</uploadTime>
            </video>
        </catalog>
    </catalog>
    <catalog description="舞蹈">
        <catalog description="宅舞">
            <video id="av20324562" src="https://www.bilibili.com/video/av20324562/">
                <title>【Johnny瞳X鹿幽幽】❤小木乃伊到我家ed❤【原创改编舞】</title>
                <author>Johnny瞳</author>
                <abstract>
                    <briefing>创作类型: 原创编舞
                        编舞出处: Johnny瞳。参考视频:av18750378 av19961267 av19246778
                        歌曲出处: 《罗塞塔石（ロゼッタ·ストーン）》Iketeru HEARTS
                        摄影: 肉丸君，慕戎
                        后期: 慕戎
                        简介:
                        本季度新番可以说是百家争鸣了，但是这部《小木乃伊到我家》却是以一种奇特的方式吸引了我的追番热情。又联想到小时候看过的第一部纯爱漫画（大家能从鹿幽幽的造型猜出来是哪一部作品吗），于是有涌上了强烈的创作欲望，和鹿幽幽一起做出了这一次的尝试。虽然有一些稚嫩和不足的地方，但是还是希望能够给大家带去一些快乐。给大家拜个晚年，祝大家晚年幸福！
                    </briefing>
                    <keyword>Johnny瞳</keyword>
                    <keyword>剧情</keyword>
                    <keyword>ed</keyword>
                    <keyword>鹿幽幽</keyword>
                    <keyword>小木乃伊到我家</keyword>
                </abstract>
                <size>
                    <width>1920</width>
                    <height>1080</height>
                </size>
                <duration>202</duration>
                <uploadTime>2018-03-03 19:22:29</uploadTime>
            </video>
        </catalog>
        <catalog description="舞蹈教程">
            <video id="av20679278" src="https://www.bilibili.com/video/av20679278/">
                <title>【Jin小菌】盘点罗志祥黄子韬韩庚易烊千玺的选人策略</title>
                <author>Jin小菌</author>
                <abstract>
                    <briefing>教程类型: 基础教学
                        舞者: Jin小菌
                        简介: 《这就是街舞》在经过了2集半的流水账之后，毛巾大战终于结束了。本期《小菌的52招》,就来总结盘点一下四位队长的选人策略。
                    </briefing>
                    <keyword>韩庚</keyword>
                    <keyword>易烊千玺</keyword>
                    <keyword>黄子韬</keyword>
                    <keyword>罗志祥</keyword>
                    <keyword>这就是街舞</keyword>
                </abstract>
                <size>
                    <width>1920</width>
                    <height>1080</height>
                </size>
                <duration>273</duration>
                <uploadTime>2018-03-12 18:00:00</uploadTime>
            </video>
        </catalog>
    </catalog>
</catalog>