<?xml version="1.0" encoding="UTF-8"?>
<catalogs>
	<catalog description="数码">
		<video id="av19466152">
			<title>「科技美学直播」刺激战场vs全军出击 10款手机 百元到万元 谁是最佳绝地求生手机</title>
			<author>科技美学</author>
			<duration>00:08:51</duration>
			<size>1280 x 720</size>
			<updateTime>2018-02-11 22:47:44</updateTime>
		</video>
		<video id="av20613407">
			<title>东京之旅（胶片）</title>
			<author>玄如召忠</author>
			<duration>00:02:30</duration>
			<size>1592 x 1080</size>
			<updateTime>2018-03-11 02:24:00</updateTime>
		</video>
		<video id="av21010307">
			<title>微信QQ你选哪个，我觉得微信小程序甩QQ10条街</title>
			<author>快享100</author>
			<duration>00:00:58</duration>
			<size>1280 x 720</size>
			<updateTime>2018-03-20 22:17:49</updateTime>
		</video>
	</catalog>
	<catalog description="星海">
		<video id="av11636288">
			<title>战斗民族特种部队如何突击绑匪？人质都懵逼了</title>
			<author>CRAZY262</author>
			<duration>00:03:16</duration>
			<size>1280 x 720</size>
			<updateTime>2017-06-26 11:20:11</updateTime>
		</video>
		<video id="av20710520">
			<title>美国陆军实弹射击训练</title>
			<author>Edward0110</author>
			<duration>00:03:16</duration>
			<size>1280 x 720</size>
			<updateTime>2018-03-13 07:38:00</updateTime>
		</video>
	</catalog>
	<catalog description="搞笑">
		<video id="av10210318">
			<title>装逼界四大天王</title>
			<author>Swaggyp11</author>
			<duration>00:00:15</duration>
			<size>480 x 272</size>
			<updateTime>2017-04-30 19:18:14</updateTime>
		</video>
		<video id="av20710879">
			<title>这些孩子将来都是祖国的栋梁！</title>
			<author>老咔咔吐槽</author>
			<duration>00:01:59</duration>
			<size>480 x 848</size>
			<updateTime>2018-03-13 08:17:00</updateTime>
		</video>
		<video id="av20711004">
			<title>变个身，想吃啥就吃啥</title>
			<author>扭转生活</author>
			<duration>00:00:15</duration>
			<size>1920 x 1020</size>
			<updateTime>2018-03-13 08:27:13</updateTime>
		</video>
		<video id="av21020325">
			<title>直男化妆手法无误，蜜汁微笑！</title>
			<author>范褶蓬</author>
			<duration>00:02:56</duration>
			<size>640 x 368</size>
			<updateTime>2018-03-20 22:59:33</updateTime>
		</video>
	</catalog>
	<catalog description="综合">
		<video id="av19061120">
			<title>【萌新剧场3】2017最NB的动画电影</title>
			<author>萌新二次方</author>
			<duration>00:12:53</duration>
			<size>1920 x 1080</size>
			<updateTime>2018-02-03 01:09:00</updateTime>
		</video>
		<video id="av20325067">
			<title>【京紫】快餐时代的奇葩之作？</title>
			<author>萌新二次方</author>
			<duration>00:11:42</duration>
			<size>1920 x 1080</size>
			<updateTime>2018-03-03 22:54:00</updateTime>
		</video>
	</catalog>
	<catalog description="宅舞">
		<video id="av20324562">
			<title>【Johnny瞳X鹿幽幽】❤小木乃伊到我家ed❤【原创改编舞】</title>
			<author>Johnny瞳</author>
			<duration>00:03:22</duration>
			<size>1920 x 1080</size>
			<updateTime>2018-03-03 19:22:29</updateTime>
		</video>
	</catalog>
	<catalog description="GMV">
		<video id="av20563332">
			<title>【英雄联盟/极致画质/超燃CG】我们的故事还仍在继续</title>
			<author>觅森青</author>
			<duration>00:04:44</duration>
			<size>1920 x 1080</size>
			<updateTime>2018-03-10 10:00:12</updateTime>
		</video>
		<video id="av20708395">
			<title>重制！《刺客再临》再度归来！！！</title>
			<author>加勒比黑旗</author>
			<duration>00:02:23</duration>
			<size>1920 x 1080</size>
			<updateTime>2018-03-13 08:00:00</updateTime>
		</video>
	</catalog>
	<catalog description="单机游戏">
		<video id="av20523785">
			<title>【我的三体】罗辑传 第11集（完结）</title>
			<author>神游八方</author>
			<duration>00:18:28</duration>
			<size>1280 x 720</size>
			<updateTime>2018-03-09 12:00:00</updateTime>
		</video>
		<video id="av21020555">
			<title>英雄vs：梦比优斯</title>
			<author>爱琳琅天上爱逆战</author>
			<duration>00:02:23</duration>
			<size>852 x 480</size>
			<updateTime>2018-03-20 23:13:28</updateTime>
		</video>
	</catalog>
	<catalog description="电子竞技">
		<video id="av19883957">
			<title>【大司马真皮合集】#2 二十分钟看一个月的瓜皮与骚话，素材来自马老师8月中至9月</title>
			<author>暗中观察的小老板</author>
			<duration>00:21:12</duration>
			<size>1920 x 1080</size>
			<updateTime>2018-02-22 04:36:00</updateTime>
		</video>
	</catalog>
	<catalog description="音乐选集">
		<video id="av170001">
			<title>【MV】保加利亚妖王AZIS视频合辑</title>
			<author>冰封.虾子</author>
			<duration>00:03:19</duration>
			<size>1920 x 1080</size>
			<updateTime>2011-11-09 22:55:33</updateTime>
		</video>
	</catalog>
	<catalog description="舞蹈教程">
		<video id="av20679278">
			<title>【Jin小菌】盘点罗志祥黄子韬韩庚易烊千玺的选人策略</title>
			<author>Jin小菌</author>
			<duration>00:04:33</duration>
			<size>1920 x 1080</size>
			<updateTime>2018-03-12 18:00:00</updateTime>
		</video>
	</catalog>
	<catalog description="演讲·公开课">
		<video id="av20693337">
			<title>【 专升本计算机】智博邵老师主讲 寒假冲刺班讲解视频 02</title>
			<author>隔壁薯片不半价</author>
			<duration>01:43:53</duration>
			<size>1366 x 768</size>
			<updateTime>2018-03-13 08:19:00</updateTime>
		</video>
		<video id="av20766675">
			<title>霍金的最后一次演讲，6分钟影响全人类</title>
			<author>莫莫素素</author>
			<duration>00:06:18</duration>
			<size>1366 x 768</size>
			<updateTime>2018-03-14 19:30:21</updateTime>
		</video>
	</catalog>
	<catalog description="人力VOCALOID">
		<video id="av14275641">
			<title>【全明星】Gee-鬼畜时代</title>
			<author>惜缘、过去</author>
			<duration>00:03:54</duration>
			<size>1280 x 720</size>
			<updateTime>2017-09-08 16:41:47</updateTime>
		</video>
		<video id="av19038345">
			<title>【丞相司徒】三国恋</title>
			<author>惜缘、过去</author>
			<duration>00:04:00</duration>
			<size>1280 x 720</size>
			<updateTime>2018-02-02 18:00:00</updateTime>
		</video>
		<video id="av20551812">
			<title>【奥巴马】我们不一样 </title>
			<author>城之悠二</author>
			<duration>00:04:27</duration>
			<size>1280 x 720</size>
			<updateTime>2018-03-09 16:52:42</updateTime>
		</video>
		<video id="av5514149">
			<title>【全明星】sister's noise</title>
			<author>惜缘、过去</author>
			<duration>00:04:22</duration>
			<size>1280 x 720</size>
			<updateTime>2016-07-27 12:08:00</updateTime>
		</video>
	</catalog>
</catalogs>