<?xml version="1.0" encoding="UTF-8"?>
<catalogs>
	<catalog description="人力VOCALOID">
		<video id="av14275641">
			<title>【全明星】Gee-鬼畜时代</title>
			<author>惜缘、过去</author>
			<duration>00:03:54</duration>
			<size>1280 x 720</size>
			<updateTime>2017-09-08 16:41:47</updateTime>
		</video>
		<video id="av19038345">
			<title>【丞相司徒】三国恋</title>
			<author>惜缘、过去</author>
			<duration>00:04:00</duration>
			<size>1280 x 720</size>
			<updateTime>2018-02-02 18:00:00</updateTime>
		</video>
		<video id="av5514149">
			<title>【全明星】sister's noise</title>
			<author>惜缘、过去</author>
			<duration>00:04:22</duration>
			<size>1280 x 720</size>
			<updateTime>2016-07-27 12:08:00</updateTime>
		</video>
		<video id="av20551812">
			<title>【奥巴马】我们不一样 </title>
			<author>城之悠二</author>
			<duration>00:04:27</duration>
			<size>1280 x 720</size>
			<updateTime>2018-03-09 16:52:42</updateTime>
		</video>
	</catalog>
	<catalog description="演讲·公开课">
		<video id="av20766675">
			<title>霍金的最后一次演讲，6分钟影响全人类</title>
			<author>莫莫素素</author>
			<duration>00:06:18</duration>
			<size>1366 x 768</size>
			<updateTime>2018-03-14 19:30:21</updateTime>
		</video>
		<video id="av20693337">
			<title>【 专升本计算机】智博邵老师主讲 寒假冲刺班讲解视频 02</title>
			<author>隔壁薯片不半价</author>
			<duration>01:43:53</duration>
			<size>1366 x 768</size>
			<updateTime>2018-03-13 08:19:00</updateTime>
		</video>
	</catalog>
	<catalog description="星海">
		<video id="av20710520">
			<title>美国陆军实弹射击训练</title>
			<author>Edward0110</author>
			<duration>00:03:16</duration>
			<size>1280 x 720</size>
			<updateTime>2018-03-13 07:38:00</updateTime>
		</video>
		<video id="av11636288">
			<title>战斗民族特种部队如何突击绑匪？人质都懵逼了</title>
			<author>CRAZY262</author>
			<duration>00:03:16</duration>
			<size>1280 x 720</size>
			<updateTime>2017-06-26 11:20:11</updateTime>
		</video>
	</catalog>
	<catalog description="综合">
		<video id="av20325067">
			<title>【京紫】快餐时代的奇葩之作？</title>
			<author>萌新二次方</author>
			<duration>00:11:42</duration>
			<size>1920 x 1080</size>
			<updateTime>2018-03-03 22:54:00</updateTime>
		</video>
		<video id="av19061120">
			<title>【萌新剧场3】2017最NB的动画电影</title>
			<author>萌新二次方</author>
			<duration>00:12:53</duration>
			<size>1920 x 1080</size>
			<updateTime>2018-02-03 01:09:00</updateTime>
		</video>
	</catalog>
</catalogs>